{"vertexPositions":[-0.382682,-1,-0.92388,0,1,0,-0.195089,-1,-0.980786,0,-1,-1,0.19509,-1,-0.980785,-0.555569,-1,-0.83147,-0.707106,-1,-0.707108,-0.831469,-1,-0.555571,-0.923879,-1,-0.382684,-0.980785,-1,-0.195091,-1,-1,-0.000001,-0.980785,-1,0.195089,-0.92388,-1,0.382683,-0.83147,-1,0.55557,-0.707107,-1,0.707106,-0.555571,-1,0.831469,-0.382684,-1,0.923879,-0.195091,-1,0.980785,0,-1,1,0.19509,-1,0.980785,0.382683,-1,0.92388,0.55557,-1,0.83147,0.707107,-1,0.707107,0.83147,-1,0.55557,0.92388,-1,0.382683,0.980785,-1,0.19509,1,-1,0,0.980785,-1,-0.19509,0.490393,0,-0.097545,0,1,0,0,1,0,0.490393,0,-0.097545,0.980785,-1,-0.19509,0.83147,-1,-0.55557,0.92388,-1,-0.382683,0.707107,-1,-0.707107,0.55557,-1,-0.83147,0.382683,-1,-0.92388,0.980785,-1,-0.19509],"vertexNormals":[-0.3307,-0.5033,-0.7983,0,1,0,-0.1686,-0.5033,-0.8475,0,-0.5033,-0.8641,0.1686,-0.5033,-0.8475,-0.4801,-0.5033,-0.7185,-0.611,-0.5033,-0.611,-0.7185,-0.5033,-0.4801,-0.7983,-0.5033,-0.3307,-0.8475,-0.5033,-0.1686,-0.8641,-0.5033,0,-0.8475,-0.5033,0.1686,-0.7983,-0.5033,0.3307,-0.7185,-0.5033,0.4801,-0.611,-0.5033,0.611,-0.4801,-0.5033,0.7185,-0.3307,-0.5033,0.7983,-0.1686,-0.5033,0.8475,0,-0.5033,0.8641,0.1686,-0.5033,0.8475,0.3307,-0.5033,0.7983,0.4801,-0.5033,0.7185,0.611,-0.5033,0.611,0.7185,-0.5033,0.4801,0.7983,-0.5033,0.3307,0.8475,-0.5033,0.1686,0.8641,-0.5033,0,0,0.7071,0.7071,0,0.7071,0.7071,0,0.7071,0.7071,0,0.7071,0.7071,0,0.7071,0.7071,0,0.7071,0.7071,0.7185,-0.5033,-0.4801,0.7983,-0.5033,-0.3307,0.611,-0.5033,-0.611,0.4801,-0.5033,-0.7185,0.3307,-0.5033,-0.7983,0.8475,-0.5033,-0.1686],"vertexTextureCoords":[0.290838,0.011706,0.418039,0.158184,0.347202,0.000064,0.402908,0.013836,0.459149,0.023997,0.233318,0.019677,0.174986,0.026236,0.133738,0.063609,0.089183,0.098296,0.046516,0.136113,0.000064,0.171532,0.063393,0.179304,0.115841,0.196506,0.165784,0.216528,0.217875,0.229658,0.268189,0.245779,0.317548,0.262917,0.368961,0.270527,0.41965,0.281331,0.471349,0.282595,0.523173,0.287151,0.574797,0.281556,0.627428,0.279267,0.678382,0.266379,0.731251,0.256708,0.818997,0.222386,0.910435,0.192987,0.910564,0.000064,0.928014,0.999794,0.910564,0.999936,0,0,1,0,1,1,0.67472,0.100375,0.730095,0.121291,0.621815,0.076387,0.567768,0.056214,0.515607,0.032796,0.816282,0.158185],"indices":[0,1,2,3,1,4,5,1,0,6,1,5,7,1,6,8,1,7,9,1,8,10,1,9,11,1,10,12,1,11,13,1,12,14,1,13,15,1,14,16,1,15,17,1,16,18,1,17,19,1,18,20,1,19,21,1,20,22,1,21,23,1,22,24,1,23,25,1,24,26,1,25,27,28,29,30,31,32,33,1,34,35,1,33,36,1,35,37,1,36,2,1,3,4,1,37,24,2,34,26,38,1,34,1,38,24,10,6,0,2,5,8,7,6,10,9,8,2,3,4,2,6,5,14,13,15,18,17,16,20,19,18,22,21,20,24,23,22,26,25,24,26,24,38,35,33,34,34,37,35,4,37,2,10,8,6,11,10,24,37,36,35,18,11,20,37,34,2,13,16,15,16,13,11,24,34,38,18,16,11,20,11,22,13,12,11,2,24,6,22,11,24]}