{
	"vertexPositions":[0.099729,-0.002682,0.099729,-0.099729,-0.002682,0.099729,-0.099729,-0.002682,-0.099729,0.099729,-0.002682,-0.099729],
	"vertexNormals":[0,-1,0,0,-1,0,0,-1,0,0,-1,0],
	"vertexTextureCoords":[0.0001,0.9999,0.0001,0.0001,0.9999,0.0001,0.9999,0.9999],
	"indices":[0,1,2,3,0,2]
}