{"vertexPositions":[1,-1,1,-1,-1,1,-1,-1,-1,-1,1,-1,-1,1,1,0.999999,1,1.000001,1,-1,-1,1,1,-0.999999,0.999999,1,1.000001,1,-1,1,0.999999,1,1.000001,-1,1,1,-1,1,1,-1,1,-1,-1,-1,-1,1,-1,-1,-1,-1,-1,-1,1,-1,1,-1,-1,1,-1,1,1,1,-0.999999,-1,1,-1,1,-1,1,1,-1,-1,-1,-1,1,1,-1,1,-1,-1,1,-1,1,1,1,1,-0.999999,1,-1,-1],"vertexNormals":[0,-1,0,0,-1,0,0,-1,0,0,1,0,0,1,0,0,1,0,1,0,0,1,0,0,1,0,0,0,0,1,0,0,1,0,0,1,-1,0,0,-1,0,0,-1,0,0,0,0,-1,0,0,-1,0,0,-1,0,-1,0,0,-1,0,0,1,0,0,1,0,1,0,0,1,0,0,0,0,1,0,0,1,-1,0,0,-1,0,0,0,0,-1,0,0,-1],"vertexTextureCoords":[0,0,1,0,1,1,0,0,1,0,1,1,0,0,1,0,1,1,0,0,1,0,1,1,0,0,1,0,1,1,0,0,1,0,1,1,0,0,1,0,0,0,1,0,0,0,1,0,0,0,1,0,0,0,1,0,0,0,1,0],"indices":[0,1,2,3,4,5,6,7,8,9,10,11,12,13,14,15,16,17,18,19,2,20,21,5,22,23,8,24,25,11,26,27,14,28,29,17]}