{"vertexPositions":[-1.620461,0,-0.620399,-1,-1,-1,-0.620399,-1.614359,0,1,1,-1,1.620476,0,-0.620399,1,-1,-1,1.620476,0,0.620399,1,-1,1,0.620399,-1.614359,0,-1,1,1,-1.620461,0,0.620399,-1,-1,1,-0.620399,-1.614359,0,-1,-1,-1,0,-0.620399,-1.613093,0.620399,1.61463,0,1,1,-1,0,0.620399,-1.613093,0.620399,1.61463,0,1,1,1,1.620476,0,0.620399,-0.620399,1.61463,0,-1,1,-1,-1.620461,0,-0.620399,0,0.620399,-1.613093,0,-0.620399,-1.613093,-1,-1,-1,0,0.620399,1.615545,0,-0.620399,1.615545,1,-1,1,-1,1,1,0,0.620399,1.615545,-0.620399,1.61463,0,1,-1,1,0,-0.620399,1.615545,0.620399,-1.614359,0,-0.620399,-1.614359,0,-1,-1,1,-1.620461,0,0.620399,1,-1,-1,0,-0.620399,-1.613093,0,0.620399,-1.613093,-1.620461,0,0.620399,-1.620461,0,-0.620399,-0.620399,-1.614359,0,0.620399,-1.614359,0,1,-1,-1,1.620476,0,-0.620399,0,0.620399,-1.613093,1,1,-1,1,-1,-1,-1,-1,1,0,-0.620399,1.615545,0,0.620399,1.615545,1.620476,0,-0.620399,1.620476,0,0.620399,0.620399,-1.614359,0,-0.620399,-1.614359,0,0,-0.620399,-1.613093,0.620399,-1.614359,0,0,0.620399,1.615545,-1,1,1,-1,-1,1,-1,1,1,-0.620399,1.61463,0,-1.620461,0,0.620399,0,-0.620399,-1.613093,1,-1,-1,0.620399,-1.614359,0,0.620399,1.61463,0,0,0.620399,-1.613093,-0.620399,1.61463,0,0,0.620399,-1.613093,-1,1,-1,-0.620399,1.61463,0,1,1,-1,0.620399,1.61463,0,1.620476,0,-0.620399,-1,-1,-1,-1.620461,0,-0.620399,-1,1,-1,0.620399,1.61463,0,1.620476,0,0.620399,1.620476,0,-0.620399,1,-1,1,1.620476,0,0.620399,1,1,1,-0.620399,1.61463,0,-1.620461,0,-0.620399,-1.620461,0,0.620399,-1,1,-1,0,0.620399,-1.613093,1,1,1,0.620399,1.61463,0,0,0.620399,1.615545,1,1,1,0,0.620399,1.615545,-1,-1,1,-0.620399,-1.614359,0,0,-0.620399,1.615545,0,0.620399,1.615545,0.620399,1.61463,0,-0.620399,1.61463,0,0,-0.620399,1.615545,-0.620399,-1.614359,0,0.620399,-1.614359,0],"vertexNormals":[-0.8499,-0.5269,-0.0011,-0.8499,-0.5269,-0.0011,-0.8499,-0.5269,-0.0011,0.5219,0,-0.853,0.5219,0,-0.853,0.5219,0,-0.853,0.8499,-0.5269,0.0011,0.8499,-0.5269,0.0011,0.8499,-0.5269,0.0011,-0.5219,0,0.853,-0.5219,0,0.853,-0.5219,0,0.853,0.002,-0.8517,-0.524,0.002,-0.8517,-0.524,0.002,-0.8517,-0.524,-0.0019,0.8516,-0.5242,-0.0019,0.8516,-0.5242,-0.0019,0.8516,-0.5242,0.8499,0.5269,0.0012,0.8499,0.5269,0.0012,0.8499,0.5269,0.0012,-0.8499,0.5269,-0.0012,-0.8499,0.5269,-0.0012,-0.8499,0.5269,-0.0012,-0.5227,0,-0.8525,-0.5227,0,-0.8525,-0.5227,0,-0.8525,0.5242,0,0.8516,0.5242,0,0.8516,0.5242,0,0.8516,0.0009,0.8518,0.5239,0.0009,0.8518,0.5239,0.0009,0.8518,0.5239,-0.001,-0.8519,0.5237,-0.001,-0.8519,0.5237,-0.001,-0.8519,0.5237,-0.8499,-0.5269,0.0011,-0.8499,-0.5269,0.0011,-0.8499,-0.5269,0.0011,0.5227,0,-0.8525,0.5227,0,-0.8525,0.5227,0,-0.8525,-0.8501,-0.5266,0,-0.8501,-0.5266,0,-0.8501,-0.5266,0,0.8499,-0.5269,-0.0011,0.8499,-0.5269,-0.0011,0.8499,-0.5269,-0.0011,0.5227,0,-0.8525,0.5227,0,-0.8525,0.5227,0,-0.8525,-0.5242,0,0.8516,-0.5242,0,0.8516,-0.5242,0,0.8516,0.8501,-0.5266,0,0.8501,-0.5266,0,0.8501,-0.5266,0,0,-0.8514,-0.5246,0,-0.8514,-0.5246,0,-0.8514,-0.5246,-0.5242,0,0.8516,-0.5242,0,0.8516,-0.5242,0,0.8516,-0.8499,0.5269,0.0012,-0.8499,0.5269,0.0012,-0.8499,0.5269,0.0012,-0.002,-0.8517,-0.524,-0.002,-0.8517,-0.524,-0.002,-0.8517,-0.524,0,0.8513,-0.5247,0,0.8513,-0.5247,0,0.8513,-0.5247,0.0019,0.8516,-0.5242,0.0019,0.8516,-0.5242,0.0019,0.8516,-0.5242,0.8499,0.5269,-0.0012,0.8499,0.5269,-0.0012,0.8499,0.5269,-0.0012,-0.5219,0,-0.853,-0.5219,0,-0.853,-0.5219,0,-0.853,0.8501,0.5266,0,0.8501,0.5266,0,0.8501,0.5266,0,0.5219,0,0.853,0.5219,0,0.853,0.5219,0,0.853,-0.8501,0.5266,0,-0.8501,0.5266,0,-0.8501,0.5266,0,-0.5227,0,-0.8525,-0.5227,0,-0.8525,-0.0009,0.8518,0.5239,-0.0009,0.8518,0.5239,-0.0009,0.8518,0.5239,0.5242,0,0.8516,0.5242,0,0.8516,0.001,-0.8519,0.5237,0.001,-0.8519,0.5237,0.001,-0.8519,0.5237,0,0.8516,0.5241,0,0.8516,0.5241,0,0.8516,0.5241,0,-0.8517,0.524,0,-0.8517,0.524,0,-0.8517,0.524],"vertexTextureCoords":[0,0,1,0,1,1,0,0,1,0,1,1,0,0,1,0,1,1,0,0,1,0,1,1,0,0,1,0,1,1,0,0,1,0,1,1,0,0,1,0,1,1,0,0,1,0,1,1,0,0,1,0,1,1,0,0,1,0,1,1,0,0,1,0,1,1,0,0,1,0,1,1,0,0,1,0,1,1,0,0,1,0,1,1,0,0,1,0,1,1,0,0,1,0,1,1,0,0,1,0,1,1,0,0,1,0,1,1,0,0,1,0,1,1,0,0,1,0,1,1,0,0,1,0,1,1,0,0,1,0,1,1,0,0,1,0,1,1,0,0,1,0,1,1,0,0,1,0,1,1,0,0,1,0,1,1,0,0,1,0,1,1,0,0,1,0,1,1,0,0,1,0,1,1,0,0,1,0,1,1,0,0,1,0,0,0,1,0,1,1,0,0,1,0,0,0,1,0,1,1,0,0,1,0,1,1,0,0,1,0,1,1],"indices":[0,1,2,3,4,5,6,7,8,9,10,11,12,13,14,15,16,17,18,19,20,21,22,23,24,25,26,27,28,29,30,31,32,33,34,35,36,37,38,39,40,41,42,43,44,45,46,47,48,49,50,51,52,53,54,55,56,57,58,59,60,61,62,63,64,65,66,67,68,69,70,71,72,73,74,75,76,77,78,79,80,81,82,83,84,85,86,87,88,89,90,91,26,92,93,94,95,96,29,97,98,99,100,101,102,103,104,105]}