{"vertexPositions":[1,0,-1,-1,0,-1,0,1.412789,0,1,0,1,1,0,-1,0,1.412789,0,-1,0,1,1,0,1,0,1.412789,0,-1,0,-1,-1,0,1,0,1.412789,0,-1,0,-1,1,0,-1,1,0,-1,1,0,-1,0,-1.412789,0,-1,0,-1,1,0,1,0,-1.412789,0,1,0,-1,-1,0,1,0,-1.412789,0,1,0,1,-1,0,-1,0,-1.412789,0,-1,0,1,-1,0,-1,1,0,-1,1,0,1,1,0,1,-1,0,1,-1,0,1,-1,0,-1,1,0,1,-1,0,1],"vertexNormals":[0,0.5777,-0.8162,0,0.5777,-0.8162,0,0.5777,-0.8162,0.8162,0.5777,0,0.8162,0.5777,0,0.8162,0.5777,0,0,0.5777,0.8162,0,0.5777,0.8162,0,0.5777,0.8162,-0.8162,0.5777,0,-0.8162,0.5777,0,-0.8162,0.5777,0,0,0,1,0,0,1,0,0,1,0,-0.5777,-0.8162,0,-0.5777,-0.8162,0,-0.5777,-0.8162,0.8162,-0.5777,0,0.8162,-0.5777,0,0.8162,-0.5777,0,0,-0.5777,0.8162,0,-0.5777,0.8162,0,-0.5777,0.8162,-0.8162,-0.5777,0,-0.8162,-0.5777,0,-0.8162,-0.5777,0,0,0,1,0,0,1,0,0,1,0,0,1,0,0,1,0,0,1,0,0,1,0,0,1,0,0,1],"vertexTextureCoords":[0.499861,0.999861,0.000139,0.999861,0.25,0.75,0.499861,0.500139,0.499861,0.999861,0.25,0.75,0.000139,0.500139,0.499861,0.500139,0.25,0.75,0.000139,0.999861,0.000139,0.500139,0.25,0.75,0.506692,0.40259,0.871903,0.375495,0.87839,0.381563,0.499861,0.000139,0.25,0.25,0.000139,0.000139,0.499861,0.499861,0.25,0.25,0.499861,0.000139,0.000139,0.499861,0.25,0.25,0.499861,0.499861,0.000139,0.000139,0.25,0.25,0.000139,0.499861,0.514722,0.395425,0.865226,0.368031,0.871839,0.007093,0.878392,0.000139,0.506629,0.034188,0.500141,0.02812,0.500139,0.409544,0.863809,0.014258,0.513306,0.041652],"indices":[0,1,2,3,4,5,6,7,8,9,10,11,12,13,14,15,16,17,18,19,20,21,22,23,24,25,26,27,28,13,13,29,30,29,31,32,31,12,33,28,34,29,34,35,31,35,27,12,33,12,14,12,27,13,14,13,30,30,29,32,32,31,33,13,28,29,29,34,31,31,35,12]}