{"vertexPositions":[-1,0,-1,1,0,-1,1,0,1,1,0,-1,-1,0,-1,0,1.600856,0,1,0,1,1,0,-1,0,1.600856,0,-1,0,1,1,0,1,0,1.600856,0,-1,0,-1,-1,0,1,0,1.600856,0,-1,0,1,-1,0,-1],"vertexNormals":[0,-1,0,0,-1,0,0,-1,0,0,0.5298,-0.8481,0,0.5298,-0.8481,0,0.5298,-0.8481,0.8481,0.5298,0,0.8481,0.5298,0,0.8481,0.5298,0,0,0.5298,0.8481,0,0.5298,0.8481,0,0.5298,0.8481,-0.8481,0.5298,0,-0.8481,0.5298,0,-0.8481,0.5298,0,0,-1,0,0,-1,0],"vertexTextureCoords":[0,0,1,0,1,1,0,0,1,0,1,1,0,0,1,0,1,1,0,0,1,0,1,1,0,0,1,0,1,1,0,0,1,0],"indices":[0,1,2,3,4,5,6,7,8,9,10,11,12,13,14,15,16,2]}