{"vertexPositions":[-1,1,1,-1,1,1,-1,1,-1,1,-1,-1,-1,-1,-1,0.000001,0,-2.963114,1,1,-0.999999,1,-1,-1,0.000001,0,-2.963114,-1,-1,-1,-1,1,-1,0.000001,0,-2.963114,-1,1,-1,1,1,-0.999999,0.000001,0,-2.963114,-1,-1,-1,-1,-1,1,-2.988282,0,-0.000001,-1,-1,1,-1,1,1,-2.988282,0,-0.000001,-1,1,-1,-1,-1,-1,-2.988282,0,-0.000001,-1,1,1,-1,1,-1,-2.988282,0,-0.000001,-1,-1,1,1,-1,1,-0.000001,0,2.937946,1,-1,1,0.999999,1,1.000001,-0.000001,0,2.937946,-1,1,1,-1,-1,1,-0.000001,0,2.937946,0.999999,1,1.000001,-1,1,1,-0.000001,0,2.937946,0.999999,1,1.000001,1,1,-0.999999,0,2.963114,0,1,1,-0.999999,-1,1,-1,0,2.963114,0,-1,1,1,0.999999,1,1.000001,0,2.963114,0,-1,1,-1,-1,1,1,0,2.963114,0,0.999999,1,1.000001,0.999999,1,1.000001,-1,1,1,-1,1,-1,-1,1,-1,1,1,-0.999999,1,1,-0.999999,1,1,-0.999999,0.999999,1,1.000001,1,-1,1,1,-1,-1,2.963114,0,0.000001,1,-1,-1,1,1,-0.999999,2.963114,0,0.000001,0.999999,1,1.000001,1,-1,1,2.963114,0,0.000001,1,1,-0.999999,0.999999,1,1.000001,2.963114,0,0.000001,-1,-1,1,-1,-1,-1,0,-2.963114,0,1,-1,1,-1,-1,1,0,-2.963114,0,-1,-1,-1,1,-1,-1,0,-2.963114,0,1,-1,-1,1,-1,1,0,-2.963114,0,-1,1,1,0.999999,1,1.000001,-1,1,-1,1,1,-0.999999],"vertexNormals":[0,0,1,0,0,1,0,0,1,0,-0.8911,-0.4539,0,-0.8911,-0.4539,0,-0.8911,-0.4539,0.8911,0,-0.4539,0.8911,0,-0.4539,0.8911,0,-0.4539,-0.8911,0,-0.4539,-0.8911,0,-0.4539,-0.8911,0,-0.4539,0,0.8911,-0.4539,0,0.8911,-0.4539,0,0.8911,-0.4539,-0.4493,-0.8934,0,-0.4493,-0.8934,0,-0.4493,-0.8934,0,-0.4493,0,0.8934,-0.4493,0,0.8934,-0.4493,0,0.8934,-0.4493,0,-0.8934,-0.4493,0,-0.8934,-0.4493,0,-0.8934,-0.4493,0.8934,0,-0.4493,0.8934,0,-0.4493,0.8934,0,0,-0.8887,0.4586,0,-0.8887,0.4586,0,-0.8887,0.4586,0.8887,0,0.4586,0.8887,0,0.4586,0.8887,0,0.4586,-0.8887,0,0.4586,-0.8887,0,0.4586,-0.8887,0,0.4586,0,0.8887,0.4586,0,0.8887,0.4586,0,0.8887,0.4586,0.8911,0.4539,0,0.8911,0.4539,0,0.8911,0.4539,0,0,0.4539,-0.8911,0,0.4539,-0.8911,0,0.4539,-0.8911,0,0.4539,0.8911,0,0.4539,0.8911,0,0.4539,0.8911,-0.8911,0.4539,0,-0.8911,0.4539,0,-0.8911,0.4539,0,0,0,1,0,0,1,0,0,1,0,0,1,0,0,1,0,0,1,0,0,1,0,0,1,0,0,1,0.4539,-0.8911,0,0.4539,-0.8911,0,0.4539,-0.8911,0,0.4539,0,-0.8911,0.4539,0,-0.8911,0.4539,0,-0.8911,0.4539,0,0.8911,0.4539,0,0.8911,0.4539,0,0.8911,0.4539,0.8911,0,0.4539,0.8911,0,0.4539,0.8911,0,-0.8911,-0.4539,0,-0.8911,-0.4539,0,-0.8911,-0.4539,0,0,-0.4539,0.8911,0,-0.4539,0.8911,0,-0.4539,0.8911,0,-0.4539,-0.8911,0,-0.4539,-0.8911,0,-0.4539,-0.8911,0.8911,-0.4539,0,0.8911,-0.4539,0,0.8911,-0.4539,0,0,0,1,0,0,1,0,0,1,0,0,1],"vertexTextureCoords":[0,0,1,0,1,1,0,0,1,0,1,1,0,0,1,0,1,1,0,0,1,0,1,1,0,0,1,0,1,1,0,0,1,0,1,1,0,0,1,0,1,1,0,0,1,0,1,1,0,0,1,0,1,1,0,0,1,0,1,1,0,0,1,0,1,1,0,0,1,0,1,1,0,0,1,0,1,1,0,0,1,0,1,1,0,0,1,0,1,1,0,0,1,0,1,1,0,0,1,0,1,1,0,0,1,0,1,1,0,0,1,0,1,1,0,0,1,0,1,1,0,0,1,0,1,1,0,0,1,0,1,1,0,0,1,0,1,1,0,0,1,0,1,1,0,0,1,0,1,1,0,0,1,0,1,1,0,0,1,0,1,1,0,0,1,0,1,1,1,0,1,0,1,0,1,0],"indices":[0,1,2,3,4,5,6,7,8,9,10,11,12,13,14,15,16,17,18,19,20,21,22,23,24,25,26,27,28,29,30,31,32,33,34,35,36,37,38,39,40,41,42,43,44,45,46,47,48,49,50,51,52,53,54,55,56,57,58,59,60,61,62,63,64,65,66,67,68,69,70,71,72,73,74,75,76,77,78,79,80,81,82,83,54,84,2,0,85,53,57,86,56,51,87,59]}