{"vertexPositions":[1,-1,1,-1,-1,1,-1,-1,-1,-1,1,-1,-1,1,1,0.999999,1,1.000001,1,-1,-1,1,1,-0.999999,0.999999,1,1.000001,1,-1,1,0.999999,1,1.000001,-1,1,1,-1,1,1,-1,1,-1,-1,-1,-1,1,1,-0.999999,1.000001,1,-2.963113,-1,1,-2.963114,1,-1,-2.963114,-0.999999,-1,-2.963114,-1,1,-2.963114,-1,-1,-1,-1,1,-2.963114,1,-1,-2.963114,1.000001,1,-2.963113,-1,-1,-1,-0.999999,-1,-2.963114,1,-1,-2.963114,1,-1,-1,1,-1,1,-1,1,-1,1,-1,1,1,-1,-1,-1,-1,1,1,-1,1,-1,-1,1,-1,1,1,1,1,-0.999999,1.000001,1,-2.963113,1,-1,-2.963114,-0.999999,-1,-2.963114,-1,-1,-1,1,1,-0.999999,-1,-1,-1],"vertexNormals":[0,-1,0,0,-1,0,0,-1,0,0,1,0,0,1,0,0,1,0,1,0,0,1,0,0,1,0,0,0,0,1,0,0,1,0,0,1,-1,0,0,-1,0,0,-1,0,0,0,1,0,0,1,0,0,1,0,0,0,-1,0,0,-1,0,0,-1,-1,0,0,-1,0,0,1,0,0,1,0,0,0,-1,0,0,-1,0,0,-1,0,0,-1,0,0,-1,0,0,1,0,1,0,0,1,0,0,0,0,1,0,0,1,-1,0,0,-1,0,0,0,1,0,0,0,-1,0,0,-1,-1,0,0,-1,0,0,1,0,0,0,-1,0],"vertexTextureCoords":[0,0,1,0,1,1,0,0,1,0,1,1,0,0,1,0,1,1,0,0,1,0,1,1,0,0,1,0,1,1,0,0,1,0,1,1,0,0,1,0,1,1,0,0,1,1,1,0,1,1,0,0,1,0,1,1,0,0,1,0,1,0,0,0,1,0,0,0,1,0,0,0,1,0,1,0,0,0,1,0,0,0,1,0,0,0,1,0],"indices":[0,1,2,3,4,5,6,7,8,9,10,11,12,13,14,15,16,17,18,19,20,21,13,22,6,23,24,25,26,27,28,29,2,15,30,5,31,32,8,33,34,11,35,36,14,3,37,17,38,39,20,40,41,22,42,32,24,28,43,27]}