{"vertexPositions":[-1,0,1,-1,0,-1,1,0,1,-1,2.282966,1,1,2.282966,1,-1,2.282966,-1,-1,0,-1,-1,2.282966,-1,1,2.282966,1,-1,0,1,1,0,1,1,2.282966,1,-1,0,-1,-1,0,1,-1,2.282966,1,1,0,1,-1,0,-1,-1,2.282966,1,-1,0,1,-1,2.282966,-1,-1,0,-1],"vertexNormals":[0,-1,0,0,-1,0,0,-1,0,0,1,0,0,1,0,0,1,0,0.7071,0,-0.7071,0.7071,0,-0.7071,0.7071,0,-0.7071,0,0,1,0,0,1,0,0,1,-1,0,0,-1,0,0,-1,0,0,0.7071,0,-0.7071,0.7071,0,-0.7071,0,0,1,0,0,1,-1,0,0,-1,0,0],"vertexTextureCoords":[0,0,1,0,1,1,0,0,1,0,1,1,0,0,1,0,1,1,0,0,1,0,1,1,0,0,1,0,1,1,0,0,1,0,0,0,1,0,0,0,1,0],"indices":[0,1,2,3,4,5,6,7,8,9,10,11,12,13,14,15,16,8,17,18,11,19,20,14]}