{"vertexPositions":[0,-1.848849,0,0.951816,-1.848849,-1.660635,1.91406,-1.848849,-0.00602,0,1.848849,0,1.91406,1.848849,-0.00602,0.951816,1.848849,-1.660635,1.91406,-1.848849,-0.00602,0.962243,-1.848849,1.654615,0.962244,1.848849,1.654614,1.91406,1.848849,-0.00602,0.962243,-1.848849,1.654615,-0.951817,-1.848849,1.660634,-0.951815,1.848849,1.660635,0.962244,1.848849,1.654614,-0.951817,-1.848849,1.660634,-1.91406,-1.848849,0.006019,-1.91406,1.848849,0.006021,-0.951815,1.848849,1.660635,-1.91406,-1.848849,0.006019,-0.962243,-1.848849,-1.654615,-0.962245,1.848849,-1.654614,-1.91406,1.848849,0.006021,-0.962243,-1.848849,-1.654615,0,-1.848849,0,0.951816,1.848849,-1.660635,-0.962245,1.848849,-1.654614,0.951816,1.848849,-1.660635,1.91406,1.848849,-0.00602,1.91406,-1.848849,-0.00602,1.91406,1.848849,-0.00602,0.962244,1.848849,1.654614,0.962243,-1.848849,1.654615,0.962244,1.848849,1.654614,-0.951815,1.848849,1.660635,-0.951817,-1.848849,1.660634,-0.951815,1.848849,1.660635,-1.91406,1.848849,0.006021,-1.91406,-1.848849,0.006019,-1.91406,1.848849,0.006021,-0.962245,1.848849,-1.654614,-0.962243,-1.848849,-1.654615,0.951816,-1.848849,-1.660635,-0.962243,-1.848849,-1.654615,-0.962245,1.848849,-1.654614,0.951816,-1.848849,-1.660635,0.951816,1.848849,-1.660635,1.91406,-1.848849,-0.00602,1.91406,1.848849,-0.00602,0.962243,-1.848849,1.654615,0.962244,1.848849,1.654614,-0.951817,-1.848849,1.660634,-0.951815,1.848849,1.660635,-1.91406,-1.848849,0.006019,-1.91406,1.848849,0.006021,0.951816,1.848849,-1.660635,0.951816,-1.848849,-1.660635],"vertexNormals":[0,-1,0,0,-1,0,0,-1,0,0,1,0,0,1,0,0,1,0,0,-1,0,0,-1,0,0,1,0,0,1,0,0,-1,0,0,-1,0,0,1,0,0,1,0,0,-1,0,0,-1,0,0,1,0,0,1,0,0,-1,0,0,-1,0,0,1,0,0,1,0,0,-1,0,0,-1,0,0,1,0,0,1,0,0.8644,0,-0.5027,0.8644,0,-0.5027,0.8644,0,-0.5027,0.8676,0,0.4973,0.8676,0,0.4973,0.8676,0,0.4973,0.0031,0,1,0.0031,0,1,0.0031,0,1,-0.8644,0,0.5027,-0.8644,0,0.5027,-0.8644,0,0.5027,-0.8676,0,-0.4973,-0.8676,0,-0.4973,-0.8676,0,-0.4973,-0.0031,0,-1,-0.0031,0,-1,-0.0031,0,-1,0.8644,0,-0.5027,0.8644,0,-0.5027,0.8676,0,0.4973,0.8676,0,0.4973,0.0031,0,1,0.0031,0,1,-0.8644,0,0.5027,-0.8644,0,0.5027,-0.8676,0,-0.4973,-0.8676,0,-0.4973,-0.0031,0,-1,-0.0031,0,-1],"vertexTextureCoords":[0,0,1,0,1,1,0,0,1,0,1,1,1,0,1,1,1,0,1,1,1,0,1,1,1,0,1,1,1,0,1,1,1,0,1,1,1,0,1,1,1,0,1,1,0,0,1,1,1,0,1,1,0,0,1,0,1,1,0,0,1,0,1,1,0,0,1,0,1,1,0,0,1,0,1,1,0,0,1,0,1,1,0,0,1,0,1,1,0,0,1,0,0,0,1,0,0,0,1,0,0,0,1,0,0,0,1,0,0,0,1,0],"indices":[0,1,2,3,4,5,0,6,7,3,8,9,0,10,11,3,12,13,0,14,15,3,16,17,0,18,19,3,20,21,22,1,23,3,24,25,26,27,28,29,30,31,32,33,34,35,36,37,38,39,40,41,42,43,44,45,28,46,47,31,48,49,34,50,51,37,52,53,40,54,55,43]}