{"vertexPositions":[0.000996,0,0.656312,0.000996,0,-1.343688,1.000996,0,0.656312,-0.000996,0,0.656312,-1.000996,0,0.656312,-0.000996,0,-1.343688,-0.000996,0,-1.343688,-1.000996,0,0.656312,0,1.599709,-0.010355,-1.000996,0,0.656312,-0.000996,0,0.656312,0,1.599709,-0.010355,-0.000996,0,0.656312,-0.000996,0,-1.343688,0,1.599709,-0.010355,1.000996,0,0.656312,0.000996,0,-1.343688,0,1.599709,-0.010355,0.000996,0,0.656312,1.000996,0,0.656312,0.000996,0,-1.343688,0.000996,0,0.656312,0,1.599709,-0.010355],"vertexNormals":[0,-1,0,0,-1,0,0,-1,0,0,-1,0,0,-1,0,0,-1,0,-0.8379,0.3497,-0.419,-0.8379,0.3497,-0.419,-0.8379,0.3497,-0.419,0,0.3847,0.9231,0,0.3847,0.9231,0,0.3847,0.9231,1,-0.0006,0,1,-0.0006,0,1,-0.0006,0,0.8379,0.3497,-0.419,0.8379,0.3497,-0.419,0.8379,0.3497,-0.419,0,0.3847,0.9231,0,0.3847,0.9231,-1,-0.0006,0,-1,-0.0006,0,-1,-0.0006,0],"vertexTextureCoords":[0,0,1,0,1,1,0,0,1,0,1,1,0,0,1,0,1,1,0,0,1,0,1,1,0,0,1,0,1,1,0,0,1,0,1,1,0,0,1,0,0,0,1,0,1,1],"indices":[0,1,2,3,4,5,6,7,8,9,10,11,12,13,14,15,16,17,18,19,11,20,21,22]}