{
	"vertexPositions":[10.327561,-10.327561,10.327561,-10.327562,-10.327561,10.327559,-10.327558,-10.327561,-10.327565,-10.327565,10.327561,10.327558,-10.32756,10.327561,-10.327561,-10.327558,-10.327561,-10.327565,10.327561,-10.327561,-10.32756,-10.327558,-10.327561,-10.327565,-10.32756,10.327561,-10.327561,10.327561,-10.327561,-10.32756,-10.327562,-10.327561,10.327559,10.327566,10.327561,-10.327556],
	"vertexNormals":[0,-1,0,0,-1,0,0,-1,0,-1,0,0,-1,0,0,-1,0,0,0,0,-1,0,0,-1,0,0,-1,0,-1,0,-1,0,0,0,0,-1],
	"vertexTextureCoords":[0.00015,0.49985,0.00015,0.00015,0.49985,0.00015,0.50015,0.00015,0.99985,0.00015,0.99985,0.49985,0.49985,0.99985,0.00015,0.99985,0.00015,0.50015,0.49985,0.49985,0.50015,0.49985,0.49985,0.50015],
	"indices":[0,1,2,3,4,5,6,7,8,9,0,2,10,3,5,11,6,8]
}